
# Host: 127.0.0.1 (MySQL 5.0.91-log)
# Database: avc
# ************************************************************

/*!40101 SET @OLD_CHARACTER_SET_CLIENT=@@CHARACTER_SET_CLIENT */;
/*!40101 SET @OLD_CHARACTER_SET_RESULTS=@@CHARACTER_SET_RESULTS */;
/*!40101 SET @OLD_COLLATION_CONNECTION=@@COLLATION_CONNECTION */;
/*!40101 SET NAMES utf8 */;
/*!40014 SET @OLD_UNIQUE_CHECKS=@@UNIQUE_CHECKS, UNIQUE_CHECKS=0 */;
/*!40014 SET @OLD_FOREIGN_KEY_CHECKS=@@FOREIGN_KEY_CHECKS, FOREIGN_KEY_CHECKS=0 */;
/*!40101 SET @OLD_SQL_MODE=@@SQL_MODE, SQL_MODE='NO_AUTO_VALUE_ON_ZERO' */;
/*!40111 SET @OLD_SQL_NOTES=@@SQL_NOTES, SQL_NOTES=0 */;


# Dump of table awards
# ------------------------------------------------------------

DROP TABLE IF EXISTS `awards`;

CREATE TABLE `awards` (
  `id` int(11) NOT NULL auto_increment,
  `teams_id` int(11) default NULL,
  `award` int(11) default NULL,
  `judge` varchar(255) collate utf8_unicode_ci default NULL,
  `created_at` datetime default NULL,
  `updated_at` datetime default NULL,
  PRIMARY KEY  (`id`)
) ENGINE=InnoDB DEFAULT CHARSET=utf8 COLLATE=utf8_unicode_ci;



# Dump of table bot_types
# ------------------------------------------------------------

DROP TABLE IF EXISTS `bot_types`;

CREATE TABLE `bot_types` (
  `id` int(11) NOT NULL auto_increment,
  `name` varchar(255) collate utf8_unicode_ci default NULL,
  `created_at` datetime default NULL,
  `updated_at` datetime default NULL,
  PRIMARY KEY  (`id`)
) ENGINE=InnoDB AUTO_INCREMENT=3 DEFAULT CHARSET=utf8 COLLATE=utf8_unicode_ci;

LOCK TABLES `bot_types` WRITE;
/*!40000 ALTER TABLE `bot_types` DISABLE KEYS */;
INSERT INTO `bot_types` (`id`,`name`,`created_at`,`updated_at`)
VALUES
	(1,'Air','2011-04-19 21:09:13','2011-04-19 21:09:13'),
	(2,'Ground','2011-04-19 21:09:25','2011-04-19 21:09:25');

/*!40000 ALTER TABLE `bot_types` ENABLE KEYS */;
UNLOCK TABLES;


# Dump of table bots
# ------------------------------------------------------------

DROP TABLE IF EXISTS `bots`;

CREATE TABLE `bots` (
  `id` int(11) NOT NULL auto_increment,
  `name` varchar(255) collate utf8_unicode_ci default NULL,
  `teams_id` int(11) default NULL,
  `heats_id` int(11) default NULL,
  `created_at` datetime default NULL,
  `updated_at` datetime default NULL,
  `pass` tinyint(1) default NULL,
  PRIMARY KEY  (`id`)
) ENGINE=InnoDB AUTO_INCREMENT=53 DEFAULT CHARSET=utf8 COLLATE=utf8_unicode_ci;

LOCK TABLES `bots` WRITE;
/*!40000 ALTER TABLE `bots` DISABLE KEYS */;
INSERT INTO `bots` (`id`,`name`,`teams_id`,`heats_id`,`created_at`,`updated_at`,`pass`)
VALUES
	(1,'The Plywood Menace',17,1,'2011-04-19 23:29:44','2011-04-23 15:32:16',1),
	(2,'Oklahoma',21,1,'2011-04-19 23:30:08','2011-04-19 23:30:16',NULL),
	(3,'ROVY',23,1,'2011-04-19 23:30:27','2011-04-19 23:30:27',NULL),
	(4,'AVCasaurus Rex',49,1,'2011-04-19 23:31:04','2011-04-22 14:55:49',0),
	(5,'Eat More ChiKen',36,2,'2011-04-19 23:33:04','2011-04-23 16:03:13',1),
	(6,'Namniart',39,2,'2011-04-19 23:33:33','2011-04-19 23:33:33',NULL),
	(7,'Montonomous',44,2,'2011-04-19 23:35:17','2011-04-19 23:35:17',NULL),
	(9,'Production',50,2,'2011-04-19 23:36:04','2011-04-19 23:36:04',NULL),
	(10,'Buffer Overflow',15,3,'2011-04-19 23:37:17','2011-04-23 18:10:00',1),
	(12,'Dr. Zeus\'s M.F.B.',26,3,'2011-04-19 23:43:46','2011-04-22 14:57:54',0),
	(13,'Blue Blaze',28,3,'2011-04-19 23:44:11','2011-04-19 23:44:11',NULL),
	(14,'Project 240',2,4,'2011-04-19 23:44:27','2011-04-23 20:39:15',1),
	(15,'NFI',43,4,'2011-04-19 23:44:38','2011-04-19 23:44:38',NULL),
	(16,'Death by DHMO',46,4,'2011-04-19 23:45:00','2011-04-19 23:45:00',NULL),
	(17,'Flaming Death',48,4,'2011-04-19 23:45:19','2011-04-22 15:38:59',0),
	(18,'VIATOR',34,5,'2011-04-19 23:45:38','2011-04-19 23:45:38',NULL),
	(19,'Hard Drivin\' Hackers',37,5,'2011-04-19 23:46:06','2011-04-19 23:46:06',NULL),
	(20,'Daisy Rover',38,5,'2011-04-19 23:47:09','2011-04-19 23:47:09',NULL),
	(21,'WNCC',41,5,'2011-04-19 23:47:23','2011-04-19 23:47:23',NULL),
	(22,'The Jombies',42,5,'2011-04-19 23:47:40','2011-04-19 23:47:40',NULL),
	(23,'Buggy',14,6,'2011-04-19 23:47:52','2011-04-19 23:47:52',NULL),
	(24,'Maverick',27,6,'2011-04-19 23:48:38','2011-04-19 23:48:38',NULL),
	(25,'12 Galaxies',30,6,'2011-04-19 23:48:56','2011-04-20 22:23:26',NULL),
	(26,'Planet Express',31,6,'2011-04-19 23:51:39','2011-04-19 23:51:39',NULL),
	(27,'Newb',33,6,'2011-04-19 23:52:03','2011-04-19 23:52:03',NULL),
	(28,'St. Kwan\'s',3,7,'2011-04-19 23:52:31','2011-04-23 16:22:53',1),
	(29,'DonutsCoffeeMuffins',8,7,'2011-04-19 23:52:54','2011-04-19 23:52:54',NULL),
	(30,'Roadrunner',12,7,'2011-04-19 23:53:09','2011-04-19 23:53:09',NULL),
	(31,'Zyzzyx',35,7,'2011-04-19 23:53:24','2011-04-19 23:53:24',NULL),
	(32,'Minuteman',13,8,'2011-04-19 23:53:37','2011-04-19 23:53:37',NULL),
	(33,'Baby G',25,8,'2011-04-19 23:53:54','2011-04-19 23:53:54',NULL),
	(34,'Computron 2K10',29,4,'2011-04-19 23:55:30','2011-04-22 15:39:14',0),
	(36,'Bot Thoughts',1,8,'2011-04-19 23:56:00','2011-04-22 15:46:13',0),
	(37,'Dodging Potholes',9,8,'2011-04-19 23:56:26','2011-04-22 15:46:24',0),
	(38,'Tobor',11,8,'2011-04-19 23:56:39','2011-04-22 15:46:41',0),
	(39,'Swervy',16,3,'2011-04-19 23:56:55','2011-04-23 20:31:57',1),
	(40,'AutoCrusher',51,3,'2011-04-19 23:58:50','2011-04-22 15:33:13',0),
	(41,'Lawn Dart 1',4,9,'2011-04-19 23:59:23','2011-04-22 16:02:24',0),
	(42,'Matt',5,10,'2011-04-19 23:59:31','2011-04-19 23:59:31',NULL),
	(43,'DIY Drones',6,11,'2011-04-19 23:59:44','2011-04-19 23:59:44',NULL),
	(44,'ArduCopter',7,12,'2011-04-20 00:00:03','2011-04-20 00:00:03',NULL),
	(45,'DeathByPineTree',10,13,'2011-04-20 00:00:21','2011-04-20 00:00:21',NULL),
	(46,'Robota',18,14,'2011-04-20 00:00:36','2011-04-20 00:00:36',NULL),
	(47,'ACM',19,15,'2011-04-20 00:00:59','2011-04-20 00:00:59',NULL),
	(49,'Underneath the Radar',22,16,'2011-04-20 00:01:44','2011-04-20 00:01:44',NULL),
	(50,'Plan B',47,17,'2011-04-20 00:02:50','2011-04-23 19:31:37',0),
	(51,'Fabius Maximus',40,18,'2011-04-20 00:03:05','2011-04-22 15:48:30',0),
	(52,'Justin Beiber',52,7,'2011-04-22 15:44:20','2011-04-22 15:44:20',0);

/*!40000 ALTER TABLE `bots` ENABLE KEYS */;
UNLOCK TABLES;


# Dump of table heats
# ------------------------------------------------------------

DROP TABLE IF EXISTS `heats`;

CREATE TABLE `heats` (
  `id` int(11) NOT NULL auto_increment,
  `bot_types_id` int(11) default NULL,
  `created_at` datetime default NULL,
  `updated_at` datetime default NULL,
  PRIMARY KEY  (`id`)
) ENGINE=InnoDB AUTO_INCREMENT=19 DEFAULT CHARSET=utf8 COLLATE=utf8_unicode_ci;

LOCK TABLES `heats` WRITE;
/*!40000 ALTER TABLE `heats` DISABLE KEYS */;
INSERT INTO `heats` (`id`,`bot_types_id`,`created_at`,`updated_at`)
VALUES
	(1,2,'2011-04-19 22:37:43','2011-04-19 22:37:43'),
	(2,2,'2011-04-19 22:37:49','2011-04-19 22:37:49'),
	(3,2,'2011-04-19 22:37:53','2011-04-19 22:37:53'),
	(4,2,'2011-04-19 22:37:57','2011-04-19 22:37:57'),
	(5,2,'2011-04-19 22:38:00','2011-04-19 22:38:00'),
	(6,2,'2011-04-19 22:38:10','2011-04-19 22:38:10'),
	(7,2,'2011-04-19 22:38:15','2011-04-19 22:38:15'),
	(8,2,'2011-04-19 22:38:20','2011-04-19 22:38:20'),
	(9,1,'2011-04-19 22:38:27','2011-04-22 15:47:57'),
	(10,1,'2011-04-19 22:40:54','2011-04-19 22:40:54'),
	(11,1,'2011-04-19 22:40:56','2011-04-19 22:40:56'),
	(12,1,'2011-04-19 22:40:58','2011-04-19 22:40:58'),
	(13,1,'2011-04-19 22:41:01','2011-04-19 22:41:01'),
	(14,1,'2011-04-19 22:41:05','2011-04-19 22:41:05'),
	(15,1,'2011-04-19 22:41:17','2011-04-19 22:41:17'),
	(16,1,'2011-04-19 22:41:20','2011-04-19 22:41:20'),
	(17,1,'2011-04-19 22:41:22','2011-04-19 22:41:22'),
	(18,1,'2011-04-19 22:41:25','2011-04-19 22:41:25');

/*!40000 ALTER TABLE `heats` ENABLE KEYS */;
UNLOCK TABLES;


# Dump of table laps
# ------------------------------------------------------------

DROP TABLE IF EXISTS `laps`;

CREATE TABLE `laps` (
  `id` int(11) NOT NULL auto_increment,
  `bots_id` int(11) default NULL,
  `lap_time` time default NULL,
  `corners_completed` int(11) default NULL,
  `disqualified` tinyint(1) default NULL,
  `bonus_landbox` tinyint(1) default NULL,
  `bonus_takeoff` tinyint(1) default NULL,
  `bonus_ring` tinyint(1) default NULL,
  `created_at` datetime default NULL,
  `updated_at` datetime default NULL,
  `bonus_landlot` tinyint(1) default NULL,
  PRIMARY KEY  (`id`)
) ENGINE=InnoDB AUTO_INCREMENT=110 DEFAULT CHARSET=utf8 COLLATE=utf8_unicode_ci;

LOCK TABLES `laps` WRITE;
/*!40000 ALTER TABLE `laps` DISABLE KEYS */;
INSERT INTO `laps` (`id`,`bots_id`,`lap_time`,`corners_completed`,`disqualified`,`bonus_landbox`,`bonus_takeoff`,`bonus_ring`,`created_at`,`updated_at`,`bonus_landlot`)
VALUES
	(1,2,'00:05:00',4,1,0,0,0,'2011-04-23 15:35:27','2011-04-23 15:35:27',0),
	(2,4,'00:05:00',4,1,0,0,0,'2011-04-23 15:37:00','2011-04-23 15:37:00',0),
	(3,9,'00:05:00',4,1,0,0,0,'2011-04-23 15:47:24','2011-04-23 15:47:24',0),
	(4,6,'00:05:00',4,1,0,0,0,'2011-04-23 15:51:08','2011-04-23 15:51:08',0),
	(5,12,'00:05:00',4,1,0,0,0,'2011-04-23 15:53:23','2011-04-23 15:53:23',0),
	(6,39,'00:05:00',4,1,0,0,0,'2011-04-23 15:54:24','2011-04-23 15:54:24',0),
	(7,34,'00:05:00',4,1,0,0,0,'2011-04-23 15:58:55','2011-04-23 15:58:55',0),
	(8,15,'00:05:00',4,1,0,0,0,'2011-04-23 16:00:59','2011-04-23 16:00:59',0),
	(9,17,'00:05:00',4,1,0,0,0,'2011-04-23 16:01:24','2011-04-23 16:01:24',0),
	(10,3,'00:05:00',3,1,0,0,0,'2011-04-23 16:01:50','2011-04-23 16:01:50',0),
	(11,40,'00:02:04',4,0,0,0,1,'2011-04-23 16:02:54','2011-04-23 16:44:51',0),
	(12,13,'00:05:00',4,1,0,0,0,'2011-04-23 16:06:34','2011-04-23 16:06:34',0),
	(13,18,'00:05:00',4,1,0,0,0,'2011-04-23 16:06:50','2011-04-23 16:06:50',0),
	(14,19,'00:05:00',4,1,0,0,0,'2011-04-23 16:09:06','2011-04-23 16:09:06',0),
	(15,22,'00:05:00',4,1,0,0,0,'2011-04-23 16:09:41','2011-04-23 16:09:41',0),
	(16,21,'00:05:00',4,1,0,0,0,'2011-04-23 16:10:07','2011-04-23 16:10:07',0),
	(17,20,'00:05:00',4,1,0,0,0,'2011-04-23 16:10:51','2011-04-23 16:10:51',0),
	(18,27,'00:05:00',4,1,0,0,0,'2011-04-23 16:17:52','2011-04-23 16:17:52',0),
	(19,24,'00:05:00',4,1,0,0,0,'2011-04-23 16:18:24','2011-04-23 16:18:24',0),
	(20,30,'00:05:00',4,1,0,0,0,'2011-04-23 16:26:07','2011-04-23 16:26:07',0),
	(21,26,'00:05:00',4,1,0,0,0,'2011-04-23 16:27:59','2011-04-23 16:27:59',0),
	(22,31,'00:05:00',4,1,0,0,0,'2011-04-23 16:28:47','2011-04-23 16:28:47',0),
	(23,33,'00:05:00',4,1,0,0,0,'2011-04-23 16:34:58','2011-04-23 16:34:58',0),
	(24,38,'00:01:22',4,0,0,0,0,'2011-04-23 16:35:47','2011-04-23 16:35:47',0),
	(25,37,'00:05:00',4,1,0,0,0,'2011-04-23 16:36:15','2011-04-23 16:36:15',0),
	(26,36,'00:05:00',4,1,0,0,0,'2011-04-23 16:38:14','2011-04-23 16:38:14',0),
	(27,32,'00:00:56',4,0,0,0,1,'2011-04-23 16:40:58','2011-04-23 16:40:58',0),
	(28,41,'00:10:00',1,1,0,0,0,'2011-04-23 16:42:43','2011-04-23 17:05:15',0),
	(29,43,'00:02:08',2,1,0,0,0,'2011-04-23 16:52:34','2011-04-23 17:02:02',0),
	(30,44,'00:01:04',2,1,0,0,0,'2011-04-23 17:01:06','2011-04-23 17:01:06',0),
	(31,45,'00:01:27',1,1,0,0,0,'2011-04-23 17:08:49','2011-04-23 17:08:49',0),
	(32,46,'00:02:36',4,0,0,0,0,'2011-04-23 17:18:40','2011-04-23 17:18:40',0),
	(33,50,'00:01:56',3,1,0,0,0,'2011-04-23 17:39:27','2011-04-23 17:39:27',0),
	(34,4,'00:05:00',4,1,0,0,0,'2011-04-23 18:00:43','2011-04-23 18:00:43',0),
	(35,3,'00:05:00',4,1,0,0,0,'2011-04-23 18:01:11','2011-04-23 18:01:11',0),
	(36,2,'00:05:00',4,1,0,0,0,'2011-04-23 18:01:37','2011-04-23 18:01:37',0),
	(37,9,'00:05:00',4,1,0,0,0,'2011-04-23 18:05:56','2011-04-23 18:05:56',0),
	(38,7,'00:05:00',4,1,0,0,0,'2011-04-23 18:07:06','2011-04-23 18:07:06',0),
	(39,6,'00:05:00',4,1,0,0,0,'2011-04-23 18:07:38','2011-04-23 18:07:38',0),
	(40,12,'00:05:00',4,1,0,0,0,'2011-04-23 18:13:56','2011-04-23 18:13:56',0),
	(41,13,'00:05:00',4,1,0,0,0,'2011-04-23 18:14:18','2011-04-23 18:14:18',0),
	(42,39,'00:05:00',4,1,0,0,0,'2011-04-23 18:17:36','2011-04-23 18:17:36',0),
	(43,40,'00:05:00',4,1,0,0,0,'2011-04-23 18:18:03','2011-04-23 18:18:03',0),
	(44,16,'00:05:00',4,1,0,0,0,'2011-04-23 18:19:38','2011-04-23 18:19:38',0),
	(45,34,'00:05:00',4,1,0,0,0,'2011-04-23 18:20:13','2011-04-23 18:20:13',0),
	(46,17,'00:05:00',4,1,0,0,0,'2011-04-23 18:20:59','2011-04-23 18:20:59',0),
	(47,15,'00:05:00',4,1,0,0,0,'2011-04-23 18:21:59','2011-04-23 18:21:59',0),
	(48,22,'00:05:00',4,1,0,0,0,'2011-04-23 18:25:38','2011-04-23 18:25:38',0),
	(49,21,'00:05:00',4,1,0,0,0,'2011-04-23 18:26:04','2011-04-23 18:26:04',0),
	(50,19,'00:05:00',4,1,0,0,0,'2011-04-23 18:27:14','2011-04-23 18:27:14',0),
	(51,27,'00:05:00',4,1,0,0,0,'2011-04-23 18:34:26','2011-04-23 18:34:26',0),
	(52,23,'00:05:00',4,1,0,0,0,'2011-04-23 18:34:56','2011-04-23 18:34:56',0),
	(53,14,'00:05:00',4,1,0,0,0,'2011-04-23 18:35:18','2011-04-23 18:35:18',0),
	(54,20,'00:05:00',4,1,0,0,0,'2011-04-23 18:35:32','2011-04-23 18:35:32',0),
	(55,26,'00:05:00',4,1,0,0,0,'2011-04-23 18:39:46','2011-04-23 18:39:46',0),
	(56,31,'00:01:25',4,0,0,0,1,'2011-04-23 18:40:49','2011-04-23 18:40:56',0),
	(57,24,'00:05:00',4,1,0,0,0,'2011-04-23 18:42:00','2011-04-23 18:42:00',0),
	(58,29,'00:05:00',4,1,0,0,0,'2011-04-23 18:42:20','2011-04-23 18:42:20',0),
	(59,30,'00:05:00',4,1,0,0,0,'2011-04-23 18:42:48','2011-04-23 18:42:48',0),
	(60,52,'00:05:00',4,1,0,0,0,'2011-04-23 18:43:14','2011-04-23 18:43:14',0),
	(61,36,'00:05:00',4,1,0,0,0,'2011-04-23 18:45:30','2011-04-23 18:45:30',0),
	(62,38,'00:01:02',4,0,0,0,0,'2011-04-23 18:46:29','2011-04-23 18:47:18',0),
	(63,29,'00:05:00',4,1,0,0,0,'2011-04-23 18:47:53','2011-04-23 18:47:53',0),
	(64,18,'00:05:00',4,1,0,0,0,'2011-04-23 18:48:23','2011-04-23 18:48:23',0),
	(65,32,NULL,4,1,0,0,0,'2011-04-23 18:48:38','2011-04-23 18:48:38',0),
	(66,33,'00:05:00',4,1,0,0,0,'2011-04-23 18:51:03','2011-04-23 18:51:03',0),
	(67,41,'00:10:00',2,1,0,0,0,'2011-04-23 18:55:14','2011-04-23 18:55:14',0),
	(68,43,'00:10:00',4,1,0,0,0,'2011-04-23 18:59:50','2011-04-23 18:59:50',0),
	(69,44,'00:10:00',4,1,0,0,0,'2011-04-23 19:06:11','2011-04-23 19:06:11',0),
	(70,45,'00:02:01',4,0,0,1,0,'2011-04-23 19:13:03','2011-04-23 19:13:03',0),
	(71,46,'00:10:00',4,1,0,0,0,'2011-04-23 19:19:48','2011-04-23 19:22:15',0),
	(72,47,'00:10:00',4,1,0,0,0,'2011-04-23 19:25:39','2011-04-23 19:25:39',0),
	(73,50,'00:10:00',4,1,0,0,0,'2011-04-23 19:30:32','2011-04-23 19:30:32',0),
	(74,4,'00:05:00',4,1,0,0,0,'2011-04-23 20:19:34','2011-04-23 20:19:34',0),
	(75,3,'00:05:00',4,1,0,0,0,'2011-04-23 20:25:13','2011-04-23 20:25:13',0),
	(76,9,'00:05:00',4,1,0,0,0,'2011-04-23 20:28:10','2011-04-23 20:28:10',0),
	(77,2,'00:05:00',4,1,0,0,0,'2011-04-23 20:29:00','2011-04-23 20:29:00',0),
	(78,6,'00:05:00',4,1,0,0,0,'2011-04-23 20:30:24','2011-04-23 20:30:24',0),
	(79,12,'00:05:00',4,1,0,0,0,'2011-04-23 20:34:24','2011-04-23 20:34:24',0),
	(80,13,'00:05:00',4,1,0,0,0,'2011-04-23 20:35:06','2011-04-23 20:35:06',0),
	(81,40,'00:05:00',4,1,0,0,0,'2011-04-23 20:36:49','2011-04-23 20:36:49',0),
	(82,34,'00:05:00',4,1,0,0,0,'2011-04-23 20:40:54','2011-04-23 20:40:54',0),
	(83,16,'00:05:00',4,1,0,0,0,'2011-04-23 20:41:42','2011-04-23 20:41:42',0),
	(84,15,'00:05:00',4,1,0,0,0,'2011-04-23 20:42:35','2011-04-23 20:42:35',0),
	(85,15,'00:05:00',4,1,0,0,0,'2011-04-23 20:42:35','2011-04-23 20:42:35',0),
	(86,17,'00:05:00',4,1,0,0,0,'2011-04-23 20:42:53','2011-04-23 20:42:53',0),
	(87,22,'00:05:00',4,1,0,0,0,'2011-04-23 20:49:17','2011-04-23 20:49:17',0),
	(88,20,'00:05:00',4,1,0,0,0,'2011-04-23 20:50:31','2011-04-23 20:50:31',0),
	(89,27,'00:05:00',4,1,0,0,0,'2011-04-23 20:58:12','2011-04-23 20:58:12',0),
	(90,19,'00:05:00',4,1,0,0,0,'2011-04-23 20:58:31','2011-04-23 20:58:31',0),
	(91,19,'00:05:00',4,1,0,0,0,'2011-04-23 20:58:32','2011-04-23 20:58:32',0),
	(92,23,'00:05:00',4,1,0,0,0,'2011-04-23 21:03:15','2011-04-23 21:03:15',0),
	(93,26,'00:05:00',4,1,0,0,0,'2011-04-23 21:04:19','2011-04-23 21:04:19',0),
	(94,52,'00:05:00',4,1,0,0,0,'2011-04-23 21:07:47','2011-04-23 21:07:47',0),
	(95,31,'00:05:00',4,1,0,0,0,'2011-04-23 21:08:17','2011-04-23 21:08:17',0),
	(96,30,'00:01:18',4,0,0,0,0,'2011-04-23 21:08:52','2011-04-23 21:08:52',0),
	(97,21,'00:05:00',4,1,0,0,0,'2011-04-23 21:10:57','2011-04-23 21:10:57',0),
	(98,36,'00:05:00',4,1,0,0,0,'2011-04-23 21:16:41','2011-04-23 21:16:41',0),
	(99,33,'00:05:00',4,1,0,0,0,'2011-04-23 21:17:47','2011-04-23 21:17:47',0),
	(100,38,'00:00:55',4,0,0,0,1,'2011-04-23 21:19:17','2011-04-23 21:20:14',0),
	(101,29,'00:05:00',4,1,0,0,0,'2011-04-23 21:19:39','2011-04-23 21:19:39',0),
	(102,41,'00:01:43',4,0,0,0,0,'2011-04-23 21:29:02','2011-04-23 21:29:02',0),
	(104,43,'00:10:00',4,1,0,0,0,'2011-04-23 21:40:27','2011-04-23 21:40:27',0),
	(105,44,'00:10:00',4,1,0,0,0,'2011-04-23 21:43:30','2011-04-23 21:43:30',0),
	(106,45,'00:10:00',4,1,0,0,0,'2011-04-23 21:50:40','2011-04-23 21:50:40',0),
	(107,46,'00:01:17',4,0,0,0,0,'2011-04-23 21:56:48','2011-04-23 21:56:48',0),
	(108,47,'00:10:00',4,1,0,0,0,'2011-04-23 22:05:50','2011-04-23 22:06:02',0),
	(109,50,'00:01:27',4,0,0,0,0,'2011-04-23 22:15:27','2011-04-23 22:15:27',0);

/*!40000 ALTER TABLE `laps` ENABLE KEYS */;
UNLOCK TABLES;


# Dump of table schema_migrations
# ------------------------------------------------------------

DROP TABLE IF EXISTS `schema_migrations`;

CREATE TABLE `schema_migrations` (
  `version` varchar(255) collate utf8_unicode_ci NOT NULL,
  UNIQUE KEY `unique_schema_migrations` (`version`)
) ENGINE=InnoDB DEFAULT CHARSET=utf8 COLLATE=utf8_unicode_ci;

LOCK TABLES `schema_migrations` WRITE;
/*!40000 ALTER TABLE `schema_migrations` DISABLE KEYS */;
INSERT INTO `schema_migrations` (`version`)
VALUES
	('20110419190231'),
	('20110419190357'),
	('20110419190500'),
	('20110419190735'),
	('20110419190851'),
	('20110419190938'),
	('20110419191038'),
	('20110419203954'),
	('20110419205034'),
	('20110419212838'),
	('20110419232451'),
	('20110420223957'),
	('20110421163612'),
	('20110421225346');

/*!40000 ALTER TABLE `schema_migrations` ENABLE KEYS */;
UNLOCK TABLES;


# Dump of table team_members
# ------------------------------------------------------------

DROP TABLE IF EXISTS `team_members`;

CREATE TABLE `team_members` (
  `id` int(11) NOT NULL auto_increment,
  `firstname` varchar(255) collate utf8_unicode_ci default NULL,
  `lastname` varchar(255) collate utf8_unicode_ci default NULL,
  `teams_id` int(11) default NULL,
  `created_at` datetime default NULL,
  `updated_at` datetime default NULL,
  PRIMARY KEY  (`id`)
) ENGINE=InnoDB AUTO_INCREMENT=58 DEFAULT CHARSET=utf8 COLLATE=utf8_unicode_ci;

LOCK TABLES `team_members` WRITE;
/*!40000 ALTER TABLE `team_members` DISABLE KEYS */;
INSERT INTO `team_members` (`id`,`firstname`,`lastname`,`teams_id`,`created_at`,`updated_at`)
VALUES
	(1,'Charles','Lerose',17,'2011-04-20 00:09:50','2011-04-20 00:09:50'),
	(2,'Dennis','Ferron',21,'2011-04-20 00:12:06','2011-04-20 00:12:06'),
	(3,'Krishna','Sagiraju',23,'2011-04-20 00:13:06','2011-04-20 00:13:06'),
	(4,'Hilary','Hoops',49,'2011-04-20 00:13:42','2011-04-20 00:13:42'),
	(5,'Robert','Carpenter',49,'2011-04-20 00:14:04','2011-04-20 00:14:04'),
	(6,'David','Stillman',49,'2011-04-20 00:14:13','2011-04-20 00:14:13'),
	(7,'Jeremiah','Sullenger',36,'2011-04-20 00:14:54','2011-04-20 00:14:54'),
	(8,'Austin','Hendrix',39,'2011-04-20 00:15:25','2011-04-20 00:15:25'),
	(9,'David','Schwarz',44,'2011-04-20 00:15:51','2011-04-20 00:15:51'),
	(10,'Daniel','Wingerd',45,'2011-04-20 00:16:38','2011-04-20 00:16:38'),
	(11,'SFE','Production',50,'2011-04-20 00:17:46','2011-04-20 00:17:46'),
	(12,'Sean','Horton',15,'2011-04-20 00:18:37','2011-04-20 00:18:37'),
	(13,'Richard','Wells',24,'2011-04-20 00:18:57','2011-04-20 00:18:57'),
	(14,'Benjamin','Seidle',26,'2011-04-20 00:19:22','2011-04-20 00:19:22'),
	(15,'Jerod','Servatius',28,'2011-04-20 00:19:51','2011-04-20 00:19:51'),
	(16,'Mujahid','Abdulrahim',2,'2011-04-20 00:20:22','2011-04-20 00:20:36'),
	(17,'Daniel','Norris',43,'2011-04-20 00:20:53','2011-04-20 00:20:53'),
	(18,'Brian','Drelling',46,'2011-04-20 00:21:22','2011-04-20 00:21:22'),
	(19,'Jake','Belter',48,'2011-04-20 00:21:41','2011-04-20 00:21:41'),
	(20,'Jerry','Heim',34,'2011-04-20 00:22:00','2011-04-20 00:22:00'),
	(21,'Mike','Machado',37,'2011-04-20 00:22:18','2011-04-20 00:22:18'),
	(22,'Ted','Meyers',38,'2011-04-20 00:22:38','2011-04-20 00:22:38'),
	(23,'Bill','Spurgeon',41,'2011-04-20 00:23:02','2011-04-20 00:23:02'),
	(24,'Quinn','Fogle',41,'2011-04-20 00:23:24','2011-04-20 00:23:24'),
	(25,'Jordan','Rhee',42,'2011-04-20 00:23:42','2011-04-20 00:23:42'),
	(26,'James','Goppert',14,'2011-04-20 00:23:59','2011-04-20 00:23:59'),
	(27,'Margaret','Stoltzman',27,'2011-04-20 00:24:27','2011-04-20 00:24:27'),
	(28,'Vincent','Winstead',27,'2011-04-20 00:24:45','2011-04-20 00:24:45'),
	(29,'Jeff','Branson',30,'2011-04-20 00:25:07','2011-04-20 00:25:07'),
	(30,'Jordan','Crouse',31,'2011-04-20 00:25:28','2011-04-20 00:25:28'),
	(31,'Jeff','Boody',31,'2011-04-20 00:25:39','2011-04-20 00:25:39'),
	(32,'Nathan','Schomer',33,'2011-04-20 00:26:01','2011-04-20 00:26:01'),
	(33,'Chris','Jeppesen',3,'2011-04-20 00:26:23','2011-04-20 00:26:23'),
	(34,'Ben','Levitt',8,'2011-04-20 00:26:39','2011-04-20 00:26:39'),
	(35,'Richard','Burnside',12,'2011-04-20 00:26:57','2011-04-20 00:26:57'),
	(36,'John','Leichty',35,'2011-04-20 00:27:24','2011-04-20 00:27:24'),
	(37,'Nathan','Burnside',13,'2011-04-20 00:27:46','2011-04-20 00:27:46'),
	(38,'Troy','Mohl',25,'2011-04-20 00:28:02','2011-04-20 00:28:02'),
	(39,'Alexander','Buck',29,'2011-04-20 00:28:18','2011-04-20 00:28:18'),
	(40,'William','Tandy',32,'2011-04-20 00:28:41','2011-04-20 00:28:41'),
	(41,'Michael','Shimniok',1,'2011-04-20 00:29:16','2011-04-20 00:29:16'),
	(42,'Dennis','Brunner',9,'2011-04-20 00:29:32','2011-04-20 00:29:32'),
	(43,'Scott','Harris',11,'2011-04-20 00:29:48','2011-04-20 00:29:48'),
	(44,'Kevin','Van Liere',16,'2011-04-20 00:30:13','2011-04-20 00:30:13'),
	(45,'Christopher','Kircher',51,'2011-04-20 00:30:38','2011-04-20 00:30:38'),
	(46,'James','Dean',4,'2011-04-20 00:30:58','2011-04-20 00:30:58'),
	(47,'Matthew','Monson',5,'2011-04-20 00:31:26','2011-04-20 00:31:26'),
	(48,'Jason','Short',6,'2011-04-20 00:34:45','2011-04-20 00:34:45'),
	(49,'Jason','Short',7,'2011-04-20 00:34:57','2011-04-20 00:34:57'),
	(50,'Douglas','Weibel',10,'2011-04-20 00:36:13','2011-04-20 00:36:13'),
	(51,'Antonio','Liska',18,'2011-04-20 00:36:34','2011-04-20 00:36:34'),
	(52,'Jason','Short',19,'2011-04-20 00:37:05','2011-04-20 00:37:05'),
	(53,'Zachary','Morrow',20,'2011-04-20 00:37:22','2011-04-20 00:37:22'),
	(54,'Peter','Strimbu',22,'2011-04-20 00:37:37','2011-04-20 00:37:37'),
	(55,'Mike','Grusin',47,'2011-04-20 00:37:54','2011-04-20 00:38:24'),
	(56,'Adam','Barrow',40,'2011-04-20 00:38:40','2011-04-20 00:38:40'),
	(57,'SFE','Tech Support',52,'2011-04-22 15:42:59','2011-04-22 15:42:59');

/*!40000 ALTER TABLE `team_members` ENABLE KEYS */;
UNLOCK TABLES;


# Dump of table teams
# ------------------------------------------------------------

DROP TABLE IF EXISTS `teams`;

CREATE TABLE `teams` (
  `id` int(11) NOT NULL auto_increment,
  `name` varchar(255) collate utf8_unicode_ci default NULL,
  `city` varchar(255) collate utf8_unicode_ci default NULL,
  `state` varchar(255) collate utf8_unicode_ci default NULL,
  `country` varchar(255) collate utf8_unicode_ci default NULL,
  `created_at` datetime default NULL,
  `updated_at` datetime default NULL,
  PRIMARY KEY  (`id`)
) ENGINE=InnoDB AUTO_INCREMENT=53 DEFAULT CHARSET=utf8 COLLATE=utf8_unicode_ci;

LOCK TABLES `teams` WRITE;
/*!40000 ALTER TABLE `teams` DISABLE KEYS */;
INSERT INTO `teams` (`id`,`name`,`city`,`state`,`country`,`created_at`,`updated_at`)
VALUES
	(1,'Bot Thoughts','Centennial','CO','USA','2011-04-19 21:50:24','2011-04-19 21:52:44'),
	(2,'Project 240','Simi Valley','CA','USA','2011-04-19 21:50:47','2011-04-19 21:50:47'),
	(3,'St. Kwan\'s Home for the Terminally ADD','Superior','CO','USA','2011-04-19 21:53:23','2011-04-19 21:53:23'),
	(4,'Lawn Dart','Huber Heights','OH','USA','2011-04-19 21:54:43','2011-04-19 21:54:43'),
	(5,'Matt','Kirkland','WA','USA','2011-04-19 21:55:48','2011-04-19 21:55:48'),
	(6,'DIY Drones','Berkeley','CA','USA','2011-04-19 21:56:46','2011-04-19 21:56:46'),
	(7,'ArduCopter','Berkeley','CA','USA','2011-04-19 21:57:23','2011-04-19 21:57:23'),
	(8,'DonutsCoffeeMuffins','Mountain View','CA','USA','2011-04-19 21:58:00','2011-04-19 21:58:00'),
	(9,'Dodging Potholes','Cheyenne','WY','USA','2011-04-19 22:00:37','2011-04-19 22:00:37'),
	(10,'DeathByPineTree','Longmont','CO','USA','2011-04-19 22:01:07','2011-04-19 22:01:07'),
	(11,'Tobor','Nederland','CO','USA','2011-04-19 22:01:34','2011-04-19 22:01:34'),
	(12,'Roadrunner','Highlands Ranch','CO','USA','2011-04-19 22:02:00','2011-04-19 22:02:00'),
	(13,'Minuteman','Los Alamos','NM','USA','2011-04-19 22:02:26','2011-04-19 22:02:40'),
	(14,'Buggy','West Lafayette','IN','USA','2011-04-19 22:03:29','2011-04-19 22:03:29'),
	(15,'Buffer Overflow','Austin','TX','USA','2011-04-19 22:03:51','2011-04-19 22:03:51'),
	(16,'Swervy','Louisville','CO','USA','2011-04-19 22:04:13','2011-04-19 22:04:13'),
	(17,'Dreadnought','Boulder','CO','USA','2011-04-19 22:04:33','2011-04-19 22:04:33'),
	(18,'Robota','San Antonio','TX','USA','2011-04-19 22:04:54','2011-04-19 22:04:54'),
	(19,'ACM','San Fransisco','CA','USA','2011-04-19 22:05:15','2011-04-19 22:05:15'),
	(20,'MASA','Boulder','CO','USA','2011-04-19 22:05:36','2011-04-19 22:05:36'),
	(21,'Oklahoma','Moore','OK','USA','2011-04-19 22:06:06','2011-04-19 22:06:06'),
	(22,'Underneath the Radar','Highlands Ranch','CO','USA','2011-04-19 22:06:43','2011-04-19 22:06:43'),
	(23,'ROVY','San Jose','CA','USA','2011-04-19 22:07:02','2011-04-19 22:07:02'),
	(24,'Grover1','Palm Bay','FL','USA','2011-04-19 22:07:38','2011-04-19 22:07:38'),
	(25,'Baby G','Colorado Springs','CO','USA','2011-04-19 22:07:59','2011-04-19 22:07:59'),
	(26,'Dr. Zeus\'s Magnificent Flaming Banana','Fort Collins','CO','USA','2011-04-19 22:09:20','2011-04-19 22:09:20'),
	(27,'Maverick','Mankato','MN','USA','2011-04-19 22:09:52','2011-04-19 22:09:52'),
	(28,'Blue Blaze','Westminster','CO','USA','2011-04-19 22:10:36','2011-04-19 22:10:36'),
	(29,'Computron 2K10','Columbia','MD','USA','2011-04-19 22:11:02','2011-04-19 22:11:02'),
	(30,'12 Galaxies','Lakewood','CO','USA','2011-04-19 22:11:27','2011-04-19 22:11:27'),
	(31,'Planet Express Robotics','Firestone','CO','USA','2011-04-19 22:12:00','2011-04-19 22:12:00'),
	(32,'Apple Pie','Boulder','CO','USA','2011-04-19 22:12:12','2011-04-19 22:12:12'),
	(33,'Newb','Greensburg','PA','USA','2011-04-19 22:23:16','2011-04-19 22:23:16'),
	(34,'VIATOR','Lafayette','CO','USA','2011-04-19 22:23:58','2011-04-19 22:23:58'),
	(35,'Zyzzyx','Pasadena','CA','USA','2011-04-19 22:24:39','2011-04-19 22:24:39'),
	(36,'Eat More ChiKen','Boulder','CO','USA','2011-04-19 22:25:06','2011-04-19 22:25:06'),
	(37,'Hard Drivin\' Hackers','Boulder','CO','USA','2011-04-19 22:25:28','2011-04-19 22:25:28'),
	(38,'Daisy Rover','Aurora','CO','USA','2011-04-19 22:25:49','2011-04-19 22:25:49'),
	(39,'Namniart','San Luis Obispo','CA','USA','2011-04-19 22:26:55','2011-04-19 23:33:57'),
	(40,'Fabius Maximus','Trophy Club','TX','USA','2011-04-19 22:29:19','2011-04-19 22:29:23'),
	(41,'WNCC','Scottsbluff','NE','USA','2011-04-19 22:30:19','2011-04-19 22:30:19'),
	(42,'The Jombies','La Jolla','CA','USA','2011-04-19 22:31:03','2011-04-19 22:31:03'),
	(43,'NFI','Estes Park','CO','USA','2011-04-19 22:31:23','2011-04-19 22:31:23'),
	(44,'Montonomous','Bozeman','MT','USA','2011-04-19 22:32:13','2011-04-19 22:32:13'),
	(45,'Gravity','Fairfax','VA','USA','2011-04-19 22:32:53','2011-04-19 22:32:53'),
	(46,'Death by Dihydrogen Monoxide','Littleton','CO','USA','2011-04-19 22:33:49','2011-04-19 22:33:49'),
	(47,'Plan B','Longmont','CO','USA','2011-04-19 22:34:30','2011-04-23 19:33:18'),
	(48,'Flaming Death','Boulder','CO','USA','2011-04-19 22:35:26','2011-04-19 22:35:26'),
	(49,'AVCasaurus Rex','Boulder','CO','USA','2011-04-19 22:35:52','2011-04-19 22:35:52'),
	(50,'Production','Boulder','CO','USA','2011-04-19 22:36:19','2011-04-19 22:36:19'),
	(51,'AutoCrusher','Boulder','CO','USA','2011-04-19 23:58:28','2011-04-19 23:58:28'),
	(52,'Justin Beiber Appreciation Society','Boulder','CO','USA','2011-04-22 15:41:59','2011-04-22 15:42:34');

/*!40000 ALTER TABLE `teams` ENABLE KEYS */;
UNLOCK TABLES;


# Dump of table views
# ------------------------------------------------------------

DROP TABLE IF EXISTS `views`;

CREATE TABLE `views` (
  `id` int(11) NOT NULL auto_increment,
  `created_at` datetime default NULL,
  `updated_at` datetime default NULL,
  `display_type` int(11) default NULL,
  `display_type_id` int(11) default NULL,
  PRIMARY KEY  (`id`)
) ENGINE=InnoDB AUTO_INCREMENT=28 DEFAULT CHARSET=utf8 COLLATE=utf8_unicode_ci;

LOCK TABLES `views` WRITE;
/*!40000 ALTER TABLE `views` DISABLE KEYS */;
INSERT INTO `views` (`id`,`created_at`,`updated_at`,`display_type`,`display_type_id`)
VALUES
	(27,'2011-04-20 22:57:34','2011-04-23 22:15:41',3,11);

/*!40000 ALTER TABLE `views` ENABLE KEYS */;
UNLOCK TABLES;





/*!40111 SET SQL_NOTES=@OLD_SQL_NOTES */;
/*!40101 SET SQL_MODE=@OLD_SQL_MODE */;
/*!40014 SET FOREIGN_KEY_CHECKS=@OLD_FOREIGN_KEY_CHECKS */;
/*!40014 SET UNIQUE_CHECKS=@OLD_UNIQUE_CHECKS */;
/*!40101 SET CHARACTER_SET_CLIENT=@OLD_CHARACTER_SET_CLIENT */;
/*!40101 SET CHARACTER_SET_RESULTS=@OLD_CHARACTER_SET_RESULTS */;
/*!40101 SET COLLATION_CONNECTION=@OLD_COLLATION_CONNECTION */;
